{
    "note": "Force calibration data for the BlueRobotics T100 Thrusters",
    "calibration_data": {
        "newtons": [
            -16.0918211373,
            -15.4677615882,
            -14.9774290882,
            -14.1304911373,
            -13.72931,
            -12.9715234118,
            -12.3474638627,
            -11.8571313627,
            -11.411374549,
            -10.8318906863,
            -10.2078311373,
            -9.7174986373,
            -9.0934390882,
            -8.3802281863,
            -7.7561686373,
            -7.3995631863,
            -6.9092306863,
            -6.5526252255,
            -6.1068684118,
            -5.7056872745,
            -5.2153547745,
            -4.6358709118,
            -4.1901140882,
            -3.92266,
            -3.6106302255,
            -3.2094490882,
            -2.6745409118,
            -2.2733597745,
            -1.96133,
            -1.6493002255,
            -1.3818461373,
            -1.0252406863,
            -0.7132109118,
            -0.4903325,
            -0.3120297745,
            -0.133727049,
            -0.0891513627,
            0,
            0.0891513627,
            0.356605451,
            0.624059549,
            1.0252406863,
            1.4264218137,
            1.9167543137,
            2.4962381863,
            3.0311463627,
            3.6106302255,
            4.2346897745,
            4.7250222745,
            5.3490818137,
            6.017717049,
            6.730927951,
            7.221260451,
            7.8898956863,
            8.6476822745,
            9.450044549,
            10.3861338627,
            11.0993447745,
            11.634252951,
            12.3028881863,
            12.7932206863,
            13.595582951,
            14.6208236373,
            15.4677615882,
            16.2255481863,
            16.9387590882,
            17.8748484118,
            19.2121188627,
            20.0590568137,
            20.593965,
            21.3963272745,
            22.198689549,
            22.7781734118,
            23.7142627255,
            24.382897951,
            24.6949277255
        ],
        "thruster_input": [
            -1,
            -0.9736842105,
            -0.9473684211,
            -0.9210526316,
            -0.8947368421,
            -0.8684210526,
            -0.8421052632,
            -0.8157894737,
            -0.7894736842,
            -0.7631578947,
            -0.7368421053,
            -0.7105263158,
            -0.6842105263,
            -0.6578947368,
            -0.6315789474,
            -0.6052631579,
            -0.5789473684,
            -0.5526315789,
            -0.5263157895,
            -0.5,
            -0.4736842105,
            -0.4473684211,
            -0.4210526316,
            -0.3947368421,
            -0.3684210526,
            -0.3421052632,
            -0.3157894737,
            -0.2894736842,
            -0.2631578947,
            -0.2368421053,
            -0.2105263158,
            -0.1842105263,
            -0.1578947368,
            -0.1315789474,
            -0.1052631579,
            -0.0789473684,
            -0.0526315789,
            -0.0263157895,
            0.0,
            0.0263157895,
            0.0526315789,
            0.0789473684,
            0.1052631579,
            0.1315789474,
            0.1578947368,
            0.1842105263,
            0.2105263158,
            0.2368421053,
            0.2631578947,
            0.2894736842,
            0.3157894737,
            0.3421052632,
            0.3684210526,
            0.3947368421,
            0.4210526316,
            0.4473684211,
            0.4736842105,
            0.5,
            0.5263157895,
            0.5526315789,
            0.5789473684,
            0.6052631579,
            0.6315789474,
            0.6578947368,
            0.6842105263,
            0.7105263158,
            0.7368421053,
            0.7631578947,
            0.7894736842,
            0.8157894737,
            0.8421052632,
            0.8684210526,
            0.8947368421,
            0.9210526316,
            0.9473684211,
            0.9736842105,
            1,
        ]
    }
}

